"nomDepto","nomMunicipio","cantidadAmbulanciasBásicas","cantidad Ambulancias Medicalizadas","total general","fecha reporte","fuente"
"AMAZONAS","LETICIA","1","sin información","1","2023-06-20","REPS"
"ANTIOQUIA","ABEJORRAL","3","sin información","3","2023-06-20","REPS"
"ANTIOQUIA","ABRIAQUÍ","1","sin información","1","2023-06-20","REPS"
"ANTIOQUIA","ALEJANDRÍA","2","sin información","2","2023-06-20","REPS"
"ANTIOQUIA","AMAGÁ","3","sin información","3","2023-06-20","REPS"
"ANTIOQUIA","AMALFI","2","sin información","2","2023-06-20","REPS"
"ANTIOQUIA","ANDES","4","sin información","4","2023-06-20","REPS"
"ANTIOQUIA","ANGELÓPOLIS","1","sin información","1","2023-06-20","REPS"
"ANTIOQUIA","ANGOSTURA","2","sin información","2","2023-06-20","REPS"
"ANTIOQUIA","ANORÍ","4","sin información","4","2023-06-20","REPS"
"ANTIOQUIA","ANZA","3","sin información","3","2023-06-20","REPS"
"ANTIOQUIA","APARTADÓ","17","4","21","2023-06-20","REPS"
"ANTIOQUIA","ARBOLETES","2","sin información","2","2023-06-20","REPS"
"ANTIOQUIA","ARGELIA","2","sin información","2","2023-06-20","REPS"
"ANTIOQUIA","ARMENIA","1","sin información","1","2023-06-20","REPS"
"ANTIOQUIA","BARBOSA","3","sin información","3","2023-06-20","REPS"
"ANTIOQUIA","BELLO","10","3","13","2023-06-20","REPS"
"ANTIOQUIA","BELMIRA","1","sin información","1","2023-06-20","REPS"
"ANTIOQUIA","BETANIA","2","sin información","2","2023-06-20","REPS"
"ANTIOQUIA","BETULIA","3","sin información","3","2023-06-20","REPS"
"ANTIOQUIA","BRICEÑO","2","sin información","2","2023-06-20","REPS"
"ANTIOQUIA","BURITICÁ","1","sin información","1","2023-06-20","REPS"
"ANTIOQUIA","CÁCERES","2","sin información","2","2023-06-20","REPS"
"ANTIOQUIA","CAICEDO","2","sin información","2","2023-06-20","REPS"
"ANTIOQUIA","CALDAS","4","2","6","2023-06-20","REPS"
"ANTIOQUIA","CAMPAMENTO","2","sin información","2","2023-06-20","REPS"
"ANTIOQUIA","CAÑASGORDAS","2","sin información","2","2023-06-20","REPS"
"ANTIOQUIA","CARACOLÍ","2","sin información","2","2023-06-20","REPS"
"ANTIOQUIA","CARAMANTA","1","sin información","1","2023-06-20","REPS"
"ANTIOQUIA","CAREPA","3","sin información","3","2023-06-20","REPS"
"ANTIOQUIA","CAROLINA","2","sin información","2","2023-06-20","REPS"
"ANTIOQUIA","CAUCASIA","6","15","21","2023-06-20","REPS"
"ANTIOQUIA","CHIGORODÓ","3","sin información","3","2023-06-20","REPS"
"ANTIOQUIA","CISNEROS","2","sin información","2","2023-06-20","REPS"
"ANTIOQUIA","CIUDAD BOLÍVAR","2","1","3","2023-06-20","REPS"
"ANTIOQUIA","COCORNÁ","2","sin información","2","2023-06-20","REPS"
"ANTIOQUIA","CONCEPCIÓN","1","sin información","1","2023-06-20","REPS"
"ANTIOQUIA","CONCORDIA","4","sin información","4","2023-06-20","REPS"
"ANTIOQUIA","COPACABANA","2","sin información","2","2023-06-20","REPS"
"ANTIOQUIA","DABEIBA","3","sin información","3","2023-06-20","REPS"
"ANTIOQUIA","DON MATÍAS","3","sin información","3","2023-06-20","REPS"
"ANTIOQUIA","EBÉJICO","3","sin información","3","2023-06-20","REPS"
"ANTIOQUIA","EL BAGRE","7","sin información","7","2023-06-20","REPS"
"ANTIOQUIA","EL CARMEN DE VIBORAL","5","sin información","5","2023-06-20","REPS"
"ANTIOQUIA","EL SANTUARIO","2","sin información","2","2023-06-20","REPS"
"ANTIOQUIA","ENTRERRIOS","3","sin información","3","2023-06-20","REPS"
"ANTIOQUIA","ENVIGADO","5","sin información","5","2023-06-20","REPS"
"ANTIOQUIA","FREDONIA","3","sin información","3","2023-06-20","REPS"
"ANTIOQUIA","FRONTINO","3","sin información","3","2023-06-20","REPS"
"ANTIOQUIA","GIRALDO","2","sin información","2","2023-06-20","REPS"
"ANTIOQUIA","GIRARDOTA","5","sin información","5","2023-06-20","REPS"
"ANTIOQUIA","GÓMEZ PLATA","2","sin información","2","2023-06-20","REPS"
"ANTIOQUIA","GRANADA","2","sin información","2","2023-06-20","REPS"
"ANTIOQUIA","GUADALUPE","1","sin información","1","2023-06-20","REPS"
"ANTIOQUIA","GUARNE","1","sin información","1","2023-06-20","REPS"
"ANTIOQUIA","GUATAPE","2","sin información","2","2023-06-20","REPS"
"ANTIOQUIA","HELICONIA","1","sin información","1","2023-06-20","REPS"
"ANTIOQUIA","HISPANIA","1","sin información","1","2023-06-20","REPS"
"ANTIOQUIA","ITAGUI","8","1","9","2023-06-20","REPS"
"ANTIOQUIA","ITUANGO","5","sin información","5","2023-06-20","REPS"
"ANTIOQUIA","JARDÍN","3","sin información","3","2023-06-20","REPS"
"ANTIOQUIA","JERICÓ","3","sin información","3","2023-06-20","REPS"
"ANTIOQUIA","LA CEJA","4","sin información","4","2023-06-20","REPS"
"ANTIOQUIA","LA ESTRELLA","4","sin información","4","2023-06-20","REPS"
"ANTIOQUIA","LA PINTADA","3","sin información","3","2023-06-20","REPS"
"ANTIOQUIA","LA UNIÓN","3","sin información","3","2023-06-20","REPS"
"ANTIOQUIA","LIBORINA","2","sin información","2","2023-06-20","REPS"
"ANTIOQUIA","MACEO","2","sin información","2","2023-06-20","REPS"
"ANTIOQUIA","MARINILLA","2","sin información","2","2023-06-20","REPS"
"ANTIOQUIA","MEDELLÍN","190","69","259","2023-06-20","REPS"
"ANTIOQUIA","MONTEBELLO","3","sin información","3","2023-06-20","REPS"
"ANTIOQUIA","MURINDÓ","5","sin información","5","2023-06-20","REPS"
"ANTIOQUIA","MUTATÁ","2","sin información","2","2023-06-20","REPS"
"ANTIOQUIA","NARIÑO","2","sin información","2","2023-06-20","REPS"
"ANTIOQUIA","NECHÍ","7","sin información","7","2023-06-20","REPS"
"ANTIOQUIA","NECOCLÍ","3","sin información","3","2023-06-20","REPS"
"ANTIOQUIA","OLAYA","1","sin información","1","2023-06-20","REPS"
"ANTIOQUIA","PEÑOL","5","sin información","5","2023-06-20","REPS"
"ANTIOQUIA","PEQUE","2","sin información","2","2023-06-20","REPS"
"ANTIOQUIA","PUEBLORRICO","2","sin información","2","2023-06-20","REPS"
"ANTIOQUIA","PUERTO BERRÍO","2","sin información","2","2023-06-20","REPS"
"ANTIOQUIA","PUERTO NARE","2","sin información","2","2023-06-20","REPS"
"ANTIOQUIA","PUERTO TRIUNFO","2","sin información","2","2023-06-20","REPS"
"ANTIOQUIA","REMEDIOS","4","sin información","4","2023-06-20","REPS"
"ANTIOQUIA","RETIRO","2","sin información","2","2023-06-20","REPS"
"ANTIOQUIA","RIONEGRO","13","4","17","2023-06-20","REPS"
"ANTIOQUIA","SABANALARGA","2","sin información","2","2023-06-20","REPS"
"ANTIOQUIA","SABANETA","17","4","21","2023-06-20","REPS"
"ANTIOQUIA","SALGAR","3","sin información","3","2023-06-20","REPS"
"ANTIOQUIA","SAN ANDRÉS","2","sin información","2","2023-06-20","REPS"
"ANTIOQUIA","SAN CARLOS","5","sin información","5","2023-06-20","REPS"
"ANTIOQUIA","SAN FRANCISCO","2","sin información","2","2023-06-20","REPS"
"ANTIOQUIA","SAN JERÓNIMO","3","sin información","3","2023-06-20","REPS"
"ANTIOQUIA","SAN JOSÉ DE LA MONTAÑA","1","sin información","1","2023-06-20","REPS"
"ANTIOQUIA","SAN LUIS","3","sin información","3","2023-06-20","REPS"
"ANTIOQUIA","SAN PEDRO","3","sin información","3","2023-06-20","REPS"
"ANTIOQUIA","SAN PEDRO DE URABA","4","sin información","4","2023-06-20","REPS"
"ANTIOQUIA","SAN RAFAEL","4","sin información","4","2023-06-20","REPS"
"ANTIOQUIA","SAN ROQUE","4","sin información","4","2023-06-20","REPS"
"ANTIOQUIA","SAN VICENTE","2","sin información","2","2023-06-20","REPS"
"ANTIOQUIA","SANTA BÁRBARA","2","sin información","2","2023-06-20","REPS"
"ANTIOQUIA","SANTA ROSA DE OSOS","3","sin información","3","2023-06-20","REPS"
"ANTIOQUIA","SANTAFÉ DE ANTIOQUIA","3","3","6","2023-06-20","REPS"
"ANTIOQUIA","SANTO DOMINGO","2","sin información","2","2023-06-20","REPS"
"ANTIOQUIA","SEGOVIA","7","sin información","7","2023-06-20","REPS"
"ANTIOQUIA","SONSON","4","sin información","4","2023-06-20","REPS"
"ANTIOQUIA","SOPETRÁN","1","sin información","1","2023-06-20","REPS"
"ANTIOQUIA","TÁMESIS","3","sin información","3","2023-06-20","REPS"
"ANTIOQUIA","TARAZÁ","6","sin información","6","2023-06-20","REPS"
"ANTIOQUIA","TARSO","2","sin información","2","2023-06-20","REPS"
"ANTIOQUIA","TITIRIBÍ","2","sin información","2","2023-06-20","REPS"
"ANTIOQUIA","TOLEDO","2","sin información","2","2023-06-20","REPS"
"ANTIOQUIA","TURBO","12","22","34","2023-06-20","REPS"
"ANTIOQUIA","URAMITA","1","sin información","1","2023-06-20","REPS"
"ANTIOQUIA","URRAO","5","sin información","5","2023-06-20","REPS"
"ANTIOQUIA","VALDIVIA","3","sin información","3","2023-06-20","REPS"
"ANTIOQUIA","VALPARAÍSO","1","sin información","1","2023-06-20","REPS"
"ANTIOQUIA","VEGACHÍ","3","sin información","3","2023-06-20","REPS"
"ANTIOQUIA","VENECIA","2","sin información","2","2023-06-20","REPS"
"ANTIOQUIA","VIGÍA DEL FUERTE","2","sin información","2","2023-06-20","REPS"
"ANTIOQUIA","YALÍ","2","sin información","2","2023-06-20","REPS"
"ANTIOQUIA","YARUMAL","3","2","5","2023-06-20","REPS"
"ANTIOQUIA","YOLOMBÓ","4","1","5","2023-06-20","REPS"
"ANTIOQUIA","YONDÓ","3","sin información","3","2023-06-20","REPS"
"ANTIOQUIA","ZARAGOZA","4","sin información","4","2023-06-20","REPS"
"ARAUCA","ARAUCA","16","13","29","2023-06-20","REPS"
"ARAUCA","ARAUQUITA","10","sin información","10","2023-06-20","REPS"
"ARAUCA","CRAVO NORTE","3","sin información","3","2023-06-20","REPS"
"ARAUCA","FORTUL","3","sin información","3","2023-06-20","REPS"
"ARAUCA","PUERTO RONDÓN","2","sin información","2","2023-06-20","REPS"
"ARAUCA","SARAVENA","7","3","10","2023-06-20","REPS"
"ARAUCA","TAME","11","sin información","11","2023-06-20","REPS"
"ATLÁNTICO","BARANOA","5","6","11","2023-06-20","REPS"
"ATLÁNTICO","CAMPO DE LA CRUZ","1","sin información","1","2023-06-20","REPS"
"ATLÁNTICO","CANDELARIA","1","1","2","2023-06-20","REPS"
"ATLÁNTICO","GALAPA","1","sin información","1","2023-06-20","REPS"
"ATLÁNTICO","JUAN DE ACOSTA","3","sin información","3","2023-06-20","REPS"
"ATLÁNTICO","LURUACO","1","1","2","2023-06-20","REPS"
"ATLÁNTICO","MALAMBO","2","sin información","2","2023-06-20","REPS"
"ATLÁNTICO","MANATÍ","2","sin información","2","2023-06-20","REPS"
"ATLÁNTICO","PALMAR DE VARELA","3","sin información","3","2023-06-20","REPS"
"ATLÁNTICO","PIOJÓ","1","sin información","1","2023-06-20","REPS"
"ATLÁNTICO","POLONUEVO","2","sin información","2","2023-06-20","REPS"
"ATLÁNTICO","PONEDERA","1","2","3","2023-06-20","REPS"
"ATLÁNTICO","PUERTO COLOMBIA","sin información","2","2","2023-06-20","REPS"
"ATLÁNTICO","REPELÓN","2","sin información","2","2023-06-20","REPS"
"ATLÁNTICO","SABANAGRANDE","1","1","2","2023-06-20","REPS"
"ATLÁNTICO","SABANALARGA","7","6","13","2023-06-20","REPS"
"ATLÁNTICO","SANTO TOMÁS","2","2","4","2023-06-20","REPS"
"ATLÁNTICO","SOLEDAD","20","14","34","2023-06-20","REPS"
"ATLÁNTICO","SUAN","2","sin información","2","2023-06-20","REPS"
"ATLÁNTICO","TUBARÁ","2","sin información","2","2023-06-20","REPS"
"ATLÁNTICO","USIACURÍ","1","sin información","1","2023-06-20","REPS"
"BARRANQUILLA","BARRANQUILLA","102","51","153","2023-06-20","REPS"
"BOGOTÁ D.C","BOGOTÁ","690","232","922","2023-06-20","REPS"
"BOLÍVAR","ACHÍ","4","sin información","4","2023-06-20","REPS"
"BOLÍVAR","ALTOS DEL ROSARIO","2","sin información","2","2023-06-20","REPS"
"BOLÍVAR","ARENAL","4","sin información","4","2023-06-20","REPS"
"BOLÍVAR","ARJONA","5","sin información","5","2023-06-20","REPS"
"BOLÍVAR","ARROYOHONDO","1","sin información","1","2023-06-20","REPS"
"BOLÍVAR","BARRANCO DE LOBA","4","sin información","4","2023-06-20","REPS"
"BOLÍVAR","CALAMAR","4","sin información","4","2023-06-20","REPS"
"BOLÍVAR","CANTAGALLO","4","sin información","4","2023-06-20","REPS"
"BOLÍVAR","CICUCO","2","sin información","2","2023-06-20","REPS"
"BOLÍVAR","CLEMENCIA","1","sin información","1","2023-06-20","REPS"
"BOLÍVAR","CÓRDOBA","3","sin información","3","2023-06-20","REPS"
"BOLÍVAR","EL CARMEN DE BOLÍVAR","4","2","6","2023-06-20","REPS"
"BOLÍVAR","EL GUAMO","1","sin información","1","2023-06-20","REPS"
"BOLÍVAR","EL PEÑÓN","2","sin información","2","2023-06-20","REPS"
"BOLÍVAR","HATILLO DE LOBA","3","sin información","3","2023-06-20","REPS"
"BOLÍVAR","MAGANGUÉ","5","11","16","2023-06-20","REPS"
"BOLÍVAR","MAHATES","5","sin información","5","2023-06-20","REPS"
"BOLÍVAR","MARGARITA","1","sin información","1","2023-06-20","REPS"
"BOLÍVAR","MARÍA LA BAJA","2","sin información","2","2023-06-20","REPS"
"BOLÍVAR","MOMPÓS","3","2","5","2023-06-20","REPS"
"BOLÍVAR","MONTECRISTO","2","sin información","2","2023-06-20","REPS"
"BOLÍVAR","MORALES","4","sin información","4","2023-06-20","REPS"
"BOLÍVAR","NOROSÍ","1","sin información","1","2023-06-20","REPS"
"BOLÍVAR","PINILLOS","2","sin información","2","2023-06-20","REPS"
"BOLÍVAR","RÍO VIEJO","3","sin información","3","2023-06-20","REPS"
"BOLÍVAR","SAN CRISTÓBAL","1","sin información","1","2023-06-20","REPS"
"BOLÍVAR","SAN ESTANISLAO","2","sin información","2","2023-06-20","REPS"
"BOLÍVAR","SAN FERNANDO","3","sin información","3","2023-06-20","REPS"
"BOLÍVAR","SAN JACINTO","1","2","3","2023-06-20","REPS"
"BOLÍVAR","SAN JACINTO DEL CAUCA","3","sin información","3","2023-06-20","REPS"
"BOLÍVAR","SAN JUAN NEPOMUCENO","4","sin información","4","2023-06-20","REPS"
"BOLÍVAR","SAN MARTÍN DE LOBA","4","sin información","4","2023-06-20","REPS"
"BOLÍVAR","SAN PABLO","4","sin información","4","2023-06-20","REPS"
"BOLÍVAR","SANTA CATALINA","2","sin información","2","2023-06-20","REPS"
"BOLÍVAR","SANTA ROSA","2","sin información","2","2023-06-20","REPS"
"BOLÍVAR","SANTA ROSA DEL SUR","6","1","7","2023-06-20","REPS"
"BOLÍVAR","SIMITÍ","2","1","3","2023-06-20","REPS"
"BOLÍVAR","SOPLAVIENTO","2","sin información","2","2023-06-20","REPS"
"BOLÍVAR","TALAIGUA NUEVO","1","sin información","1","2023-06-20","REPS"
"BOLÍVAR","TIQUISIO","3","sin información","3","2023-06-20","REPS"
"BOLÍVAR","TURBACO","5","6","11","2023-06-20","REPS"
"BOLÍVAR","TURBANA","2","sin información","2","2023-06-20","REPS"
"BOLÍVAR","VILLANUEVA","1","sin información","1","2023-06-20","REPS"
"BOLÍVAR","ZAMBRANO","2","sin información","2","2023-06-20","REPS"
"BOYACÁ","ALMEIDA","1","sin información","1","2023-06-20","REPS"
"BOYACÁ","AQUITANIA","2","sin información","2","2023-06-20","REPS"
"BOYACÁ","ARCABUCO","1","sin información","1","2023-06-20","REPS"
"BOYACÁ","BELÉN","2","sin información","2","2023-06-20","REPS"
"BOYACÁ","BERBEO","1","sin información","1","2023-06-20","REPS"
"BOYACÁ","BETÉITIVA","1","sin información","1","2023-06-20","REPS"
"BOYACÁ","BOAVITA","1","sin información","1","2023-06-20","REPS"
"BOYACÁ","BOYACÁ","1","sin información","1","2023-06-20","REPS"
"BOYACÁ","BRICEÑO","2","sin información","2","2023-06-20","REPS"
"BOYACÁ","BUENAVISTA","1","sin información","1","2023-06-20","REPS"
"BOYACÁ","BUSBANZÁ","1","sin información","1","2023-06-20","REPS"
"BOYACÁ","CALDAS","1","sin información","1","2023-06-20","REPS"
"BOYACÁ","CAMPOHERMOSO","1","sin información","1","2023-06-20","REPS"
"BOYACÁ","CERINZA","1","sin información","1","2023-06-20","REPS"
"BOYACÁ","CHINAVITA","1","sin información","1","2023-06-20","REPS"
"BOYACÁ","CHIQUINQUIRÁ","3","2","5","2023-06-20","REPS"
"BOYACÁ","CHÍQUIZA","1","sin información","1","2023-06-20","REPS"
"BOYACÁ","CHISCAS","1","sin información","1","2023-06-20","REPS"
"BOYACÁ","CHITA","3","sin información","3","2023-06-20","REPS"
"BOYACÁ","CHITARAQUE","2","sin información","2","2023-06-20","REPS"
"BOYACÁ","CHIVATÁ","1","sin información","1","2023-06-20","REPS"
"BOYACÁ","CHIVOR","1","sin información","1","2023-06-20","REPS"
"BOYACÁ","CIÉNEGA","1","sin información","1","2023-06-20","REPS"
"BOYACÁ","CÓMBITA","1","sin información","1","2023-06-20","REPS"
"BOYACÁ","COPER","1","sin información","1","2023-06-20","REPS"
"BOYACÁ","CORRALES","1","sin información","1","2023-06-20","REPS"
"BOYACÁ","COVARACHÍA","1","sin información","1","2023-06-20","REPS"
"BOYACÁ","CUBARÁ","2","sin información","2","2023-06-20","REPS"
"BOYACÁ","CUCAITA","1","sin información","1","2023-06-20","REPS"
"BOYACÁ","CUÍTIVA","1","sin información","1","2023-06-20","REPS"
"BOYACÁ","DUITAMA","15","13","28","2023-06-20","REPS"
"BOYACÁ","EL COCUY","1","sin información","1","2023-06-20","REPS"
"BOYACÁ","EL ESPINO","1","sin información","1","2023-06-20","REPS"
"BOYACÁ","FIRAVITOBA","1","sin información","1","2023-06-20","REPS"
"BOYACÁ","FLORESTA","2","sin información","2","2023-06-20","REPS"
"BOYACÁ","GACHANTIVÁ","1","sin información","1","2023-06-20","REPS"
"BOYACÁ","GAMEZA","2","sin información","2","2023-06-20","REPS"
"BOYACÁ","GARAGOA","5","1","6","2023-06-20","REPS"
"BOYACÁ","GUACAMAYAS","1","sin información","1","2023-06-20","REPS"
"BOYACÁ","GUATEQUE","2","1","3","2023-06-20","REPS"
"BOYACÁ","GUAYATÁ","1","sin información","1","2023-06-20","REPS"
"BOYACÁ","GÜICÁN","2","sin información","2","2023-06-20","REPS"
"BOYACÁ","IZA","1","sin información","1","2023-06-20","REPS"
"BOYACÁ","JENESANO","1","sin información","1","2023-06-20","REPS"
"BOYACÁ","JERICÓ","2","sin información","2","2023-06-20","REPS"
"BOYACÁ","LA CAPILLA","1","sin información","1","2023-06-20","REPS"
"BOYACÁ","LA UVITA","1","sin información","1","2023-06-20","REPS"
"BOYACÁ","LA VICTORIA","1","sin información","1","2023-06-20","REPS"
"BOYACÁ","LABRANZAGRANDE","1","sin información","1","2023-06-20","REPS"
"BOYACÁ","MACANAL","1","sin información","1","2023-06-20","REPS"
"BOYACÁ","MARIPÍ","2","sin información","2","2023-06-20","REPS"
"BOYACÁ","MIRAFLORES","2","1","3","2023-06-20","REPS"
"BOYACÁ","MONGUA","1","sin información","1","2023-06-20","REPS"
"BOYACÁ","MONGUÍ","1","sin información","1","2023-06-20","REPS"
"BOYACÁ","MONIQUIRÁ","3","1","4","2023-06-20","REPS"
"BOYACÁ","MOTAVITA","1","sin información","1","2023-06-20","REPS"
"BOYACÁ","MUZO","2","sin información","2","2023-06-20","REPS"
"BOYACÁ","NOBSA","3","sin información","3","2023-06-20","REPS"
"BOYACÁ","NUEVO COLÓN","1","sin información","1","2023-06-20","REPS"
"BOYACÁ","OICATÁ","1","sin información","1","2023-06-20","REPS"
"BOYACÁ","OTANCHE","2","sin información","2","2023-06-20","REPS"
"BOYACÁ","PACHAVITA","1","sin información","1","2023-06-20","REPS"
"BOYACÁ","PÁEZ","1","sin información","1","2023-06-20","REPS"
"BOYACÁ","PAIPA","4","sin información","4","2023-06-20","REPS"
"BOYACÁ","PAJARITO","2","sin información","2","2023-06-20","REPS"
"BOYACÁ","PANQUEBA","1","sin información","1","2023-06-20","REPS"
"BOYACÁ","PAUNA","1","sin información","1","2023-06-20","REPS"
"BOYACÁ","PAYA","2","sin información","2","2023-06-20","REPS"
"BOYACÁ","PAZ DE RÍO","1","sin información","1","2023-06-20","REPS"
"BOYACÁ","PESCA","2","sin información","2","2023-06-20","REPS"
"BOYACÁ","PISBA","2","sin información","2","2023-06-20","REPS"
"BOYACÁ","PUERTO BOYACÁ","6","2","8","2023-06-20","REPS"
"BOYACÁ","QUÍPAMA","1","sin información","1","2023-06-20","REPS"
"BOYACÁ","RAMIRIQUÍ","2","sin información","2","2023-06-20","REPS"
"BOYACÁ","RÁQUIRA","2","sin información","2","2023-06-20","REPS"
"BOYACÁ","RONDÓN","1","sin información","1","2023-06-20","REPS"
"BOYACÁ","SABOYÁ","2","sin información","2","2023-06-20","REPS"
"BOYACÁ","SÁCHICA","1","sin información","1","2023-06-20","REPS"
"BOYACÁ","SAMACÁ","2","sin información","2","2023-06-20","REPS"
"BOYACÁ","SAN EDUARDO","1","sin información","1","2023-06-20","REPS"
"BOYACÁ","SAN JOSÉ DE PARE","1","sin información","1","2023-06-20","REPS"
"BOYACÁ","SAN LUIS DE GACENO","1","sin información","1","2023-06-20","REPS"
"BOYACÁ","SAN MATEO","1","sin información","1","2023-06-20","REPS"
"BOYACÁ","SAN MIGUEL DE SEMA","2","sin información","2","2023-06-20","REPS"
"BOYACÁ","SAN PABLO DE BORBUR","2","sin información","2","2023-06-20","REPS"
"BOYACÁ","SANTA MARÍA","5","sin información","5","2023-06-20","REPS"
"BOYACÁ","SANTA ROSA DE VITERBO","1","sin información","1","2023-06-20","REPS"
"BOYACÁ","SANTA SOFÍA","1","sin información","1","2023-06-20","REPS"
"BOYACÁ","SANTANA","3","sin información","3","2023-06-20","REPS"
"BOYACÁ","SATIVANORTE","1","sin información","1","2023-06-20","REPS"
"BOYACÁ","SIACHOQUE","1","sin información","1","2023-06-20","REPS"
"BOYACÁ","SOATÁ","1","1","2","2023-06-20","REPS"
"BOYACÁ","SOCHA","2","sin información","2","2023-06-20","REPS"
"BOYACÁ","SOCOTÁ","2","sin información","2","2023-06-20","REPS"
"BOYACÁ","SOGAMOSO","6","3","9","2023-06-20","REPS"
"BOYACÁ","SOMONDOCO","1","sin información","1","2023-06-20","REPS"
"BOYACÁ","SORA","1","sin información","1","2023-06-20","REPS"
"BOYACÁ","SORACÁ","1","sin información","1","2023-06-20","REPS"
"BOYACÁ","SOTAQUIRÁ","1","sin información","1","2023-06-20","REPS"
"BOYACÁ","SUSACÓN","1","sin información","1","2023-06-20","REPS"
"BOYACÁ","SUTAMARCHÁN","2","sin información","2","2023-06-20","REPS"
"BOYACÁ","SUTATENZA","1","sin información","1","2023-06-20","REPS"
"BOYACÁ","TASCO","2","sin información","2","2023-06-20","REPS"
"BOYACÁ","TENZA","1","sin información","1","2023-06-20","REPS"
"BOYACÁ","TIBANÁ","3","sin información","3","2023-06-20","REPS"
"BOYACÁ","TIBASOSA","1","sin información","1","2023-06-20","REPS"
"BOYACÁ","TINJACÁ","1","sin información","1","2023-06-20","REPS"
"BOYACÁ","TIPACOQUE","2","sin información","2","2023-06-20","REPS"
"BOYACÁ","TOCA","2","sin información","2","2023-06-20","REPS"
"BOYACÁ","TOGÜÍ","1","sin información","1","2023-06-20","REPS"
"BOYACÁ","TÓPAGA","1","sin información","1","2023-06-20","REPS"
"BOYACÁ","TOTA","2","sin información","2","2023-06-20","REPS"
"BOYACÁ","TUNJA","32","12","44","2023-06-20","REPS"
"BOYACÁ","TUNUNGUÁ","1","sin información","1","2023-06-20","REPS"
"BOYACÁ","TURMEQUÉ","1","sin información","1","2023-06-20","REPS"
"BOYACÁ","TUTA","2","sin información","2","2023-06-20","REPS"
"BOYACÁ","TUTAZÁ","1","sin información","1","2023-06-20","REPS"
"BOYACÁ","UMBITA","1","sin información","1","2023-06-20","REPS"
"BOYACÁ","VENTAQUEMADA","2","sin información","2","2023-06-20","REPS"
"BOYACÁ","VILLA DE LEYVA","2","sin información","2","2023-06-20","REPS"
"BOYACÁ","VIRACACHÁ","1","sin información","1","2023-06-20","REPS"
"BOYACÁ","ZETAQUIRA","1","sin información","1","2023-06-20","REPS"
"BUENAVENTURA","BUENAVENTURA","11","4","15","2023-06-20","REPS"
"CALDAS","AGUADAS","7","sin información","7","2023-06-20","REPS"
"CALDAS","ANSERMA","5","sin información","5","2023-06-20","REPS"
"CALDAS","ARANZAZU","5","sin información","5","2023-06-20","REPS"
"CALDAS","BELALCÁZAR","4","sin información","4","2023-06-20","REPS"
"CALDAS","CHINCHINÁ","6","1","7","2023-06-20","REPS"
"CALDAS","FILADELFIA","4","sin información","4","2023-06-20","REPS"
"CALDAS","LA DORADA","21","5","26","2023-06-20","REPS"
"CALDAS","LA MERCED","3","sin información","3","2023-06-20","REPS"
"CALDAS","MANIZALES","44","20","64","2023-06-20","REPS"
"CALDAS","MANZANARES","5","sin información","5","2023-06-20","REPS"
"CALDAS","MARMATO","2","sin información","2","2023-06-20","REPS"
"CALDAS","MARQUETALIA","4","sin información","4","2023-06-20","REPS"
"CALDAS","MARULANDA","3","sin información","3","2023-06-20","REPS"
"CALDAS","NEIRA","3","sin información","3","2023-06-20","REPS"
"CALDAS","NORCASIA","3","sin información","3","2023-06-20","REPS"
"CALDAS","PÁCORA","6","sin información","6","2023-06-20","REPS"
"CALDAS","PENSILVANIA","5","sin información","5","2023-06-20","REPS"
"CALDAS","RIOSUCIO","8","2","10","2023-06-20","REPS"
"CALDAS","RISARALDA","3","sin información","3","2023-06-20","REPS"
"CALDAS","SALAMINA","4","2","6","2023-06-20","REPS"
"CALDAS","SAMANÁ","6","sin información","6","2023-06-20","REPS"
"CALDAS","SAN JOSÉ","3","sin información","3","2023-06-20","REPS"
"CALDAS","SUPÍA","6","sin información","6","2023-06-20","REPS"
"CALDAS","VICTORIA","3","sin información","3","2023-06-20","REPS"
"CALDAS","VILLAMARÍA","4","sin información","4","2023-06-20","REPS"
"CALDAS","VITERBO","3","sin información","3","2023-06-20","REPS"
"CALI","CALI","339","57","396","2023-06-20","REPS"
"CAQUETÁ","ALBANIA","1","sin información","1","2023-06-20","REPS"
"CAQUETÁ","BELÉN DE LOS ANDAQUIES","2","sin información","2","2023-06-20","REPS"
"CAQUETÁ","CARTAGENA DEL CHAIRÁ","4","sin información","4","2023-06-20","REPS"
"CAQUETÁ","CURILLO","1","1","2","2023-06-20","REPS"
"CAQUETÁ","EL DONCELLO","3","sin información","3","2023-06-20","REPS"
"CAQUETÁ","EL PAUJIL","2","sin información","2","2023-06-20","REPS"
"CAQUETÁ","FLORENCIA","19","12","31","2023-06-20","REPS"
"CAQUETÁ","LA MONTAÑITA","2","sin información","2","2023-06-20","REPS"
"CAQUETÁ","MILÁN","3","sin información","3","2023-06-20","REPS"
"CAQUETÁ","MORELIA","1","sin información","1","2023-06-20","REPS"
"CAQUETÁ","PUERTO RICO","4","sin información","4","2023-06-20","REPS"
"CAQUETÁ","SAN JOSÉ DEL FRAGUA","2","sin información","2","2023-06-20","REPS"
"CAQUETÁ","SAN VICENTE DEL CAGUÁN","8","sin información","8","2023-06-20","REPS"
"CAQUETÁ","SOLANO","2","sin información","2","2023-06-20","REPS"
"CAQUETÁ","SOLITA","1","sin información","1","2023-06-20","REPS"
"CAQUETÁ","VALPARAÍSO","1","sin información","1","2023-06-20","REPS"
"CARTAGENA","CARTAGENA","50","51","101","2023-06-20","REPS"
"CASANARE","AGUAZUL","5","1","6","2023-06-20","REPS"
"CASANARE","CHAMEZA","1","sin información","1","2023-06-20","REPS"
"CASANARE","HATO COROZAL","1","sin información","1","2023-06-20","REPS"
"CASANARE","LA SALINA","1","sin información","1","2023-06-20","REPS"
"CASANARE","MANÍ","1","sin información","1","2023-06-20","REPS"
"CASANARE","MONTERREY","1","sin información","1","2023-06-20","REPS"
"CASANARE","NUNCHÍA","1","sin información","1","2023-06-20","REPS"
"CASANARE","OROCUÉ","3","sin información","3","2023-06-20","REPS"
"CASANARE","PAZ DE ARIPORO","3","1","4","2023-06-20","REPS"
"CASANARE","PORE","1","sin información","1","2023-06-20","REPS"
"CASANARE","RECETOR","1","sin información","1","2023-06-20","REPS"
"CASANARE","SABANALARGA","1","sin información","1","2023-06-20","REPS"
"CASANARE","SÁCAMA","1","sin información","1","2023-06-20","REPS"
"CASANARE","SAN LUIS DE PALENQUE","1","sin información","1","2023-06-20","REPS"
"CASANARE","TÁMARA","2","sin información","2","2023-06-20","REPS"
"CASANARE","TAURAMENA","6","1","7","2023-06-20","REPS"
"CASANARE","TRINIDAD","1","sin información","1","2023-06-20","REPS"
"CASANARE","VILLANUEVA","12","5","17","2023-06-20","REPS"
"CASANARE","YOPAL","40","15","55","2023-06-20","REPS"
"CAUCA","ALMAGUER","3","sin información","3","2023-06-20","REPS"
"CAUCA","ARGELIA","5","sin información","5","2023-06-20","REPS"
"CAUCA","BALBOA","4","sin información","4","2023-06-20","REPS"
"CAUCA","BOLÍVAR","7","sin información","7","2023-06-20","REPS"
"CAUCA","BUENOS AIRES","4","sin información","4","2023-06-20","REPS"
"CAUCA","CAJIBÍO","2","sin información","2","2023-06-20","REPS"
"CAUCA","CALDONO","4","2","6","2023-06-20","REPS"
"CAUCA","CALOTO","4","sin información","4","2023-06-20","REPS"
"CAUCA","CORINTO","3","sin información","3","2023-06-20","REPS"
"CAUCA","EL TAMBO","3","sin información","3","2023-06-20","REPS"
"CAUCA","FLORENCIA","1","sin información","1","2023-06-20","REPS"
"CAUCA","GUACHENÉ","3","sin información","3","2023-06-20","REPS"
"CAUCA","GUAPI","1","sin información","1","2023-06-20","REPS"
"CAUCA","INZÁ","4","sin información","4","2023-06-20","REPS"
"CAUCA","JAMBALÓ","2","sin información","2","2023-06-20","REPS"
"CAUCA","LA SIERRA","1","sin información","1","2023-06-20","REPS"
"CAUCA","LA VEGA","3","sin información","3","2023-06-20","REPS"
"CAUCA","LÓPEZ","1","sin información","1","2023-06-20","REPS"
"CAUCA","MERCADERES","4","sin información","4","2023-06-20","REPS"
"CAUCA","MIRANDA","4","sin información","4","2023-06-20","REPS"
"CAUCA","MORALES","2","sin información","2","2023-06-20","REPS"
"CAUCA","PADILLA","1","sin información","1","2023-06-20","REPS"
"CAUCA","PAEZ","3","sin información","3","2023-06-20","REPS"
"CAUCA","PATÍA","4","sin información","4","2023-06-20","REPS"
"CAUCA","PIAMONTE","4","sin información","4","2023-06-20","REPS"
"CAUCA","PIENDAMÓ","3","sin información","3","2023-06-20","REPS"
"CAUCA","POPAYÁN","54","25","79","2023-06-20","REPS"
"CAUCA","PUERTO TEJADA","2","sin información","2","2023-06-20","REPS"
"CAUCA","PURACÉ","4","sin información","4","2023-06-20","REPS"
"CAUCA","ROSAS","2","sin información","2","2023-06-20","REPS"
"CAUCA","SAN SEBASTIÁN","3","sin información","3","2023-06-20","REPS"
"CAUCA","SANTA ROSA","2","sin información","2","2023-06-20","REPS"
"CAUCA","SANTANDER DE QUILICHAO","13","2","15","2023-06-20","REPS"
"CAUCA","SILVIA","7","sin información","7","2023-06-20","REPS"
"CAUCA","SOTARA","2","sin información","2","2023-06-20","REPS"
"CAUCA","SUÁREZ","3","sin información","3","2023-06-20","REPS"
"CAUCA","SUCRE","3","sin información","3","2023-06-20","REPS"
"CAUCA","TIMBÍO","3","sin información","3","2023-06-20","REPS"
"CAUCA","TIMBIQUÍ","1","sin información","1","2023-06-20","REPS"
"CAUCA","TORIBIO","3","sin información","3","2023-06-20","REPS"
"CAUCA","TOTORÓ","3","sin información","3","2023-06-20","REPS"
"CAUCA","VILLA RICA","3","sin información","3","2023-06-20","REPS"
"CESAR","AGUACHICA","18","15","33","2023-06-20","REPS"
"CESAR","AGUSTÍN CODAZZI","5","3","8","2023-06-20","REPS"
"CESAR","ASTREA","2","sin información","2","2023-06-20","REPS"
"CESAR","BECERRIL","2","sin información","2","2023-06-20","REPS"
"CESAR","BOSCONIA","3","3","6","2023-06-20","REPS"
"CESAR","CHIMICHAGUA","4","sin información","4","2023-06-20","REPS"
"CESAR","CHIRIGUANÁ","sin información","2","2","2023-06-20","REPS"
"CESAR","CURUMANÍ","2","sin información","2","2023-06-20","REPS"
"CESAR","EL COPEY","5","sin información","5","2023-06-20","REPS"
"CESAR","EL PASO","9","sin información","9","2023-06-20","REPS"
"CESAR","GAMARRA","3","sin información","3","2023-06-20","REPS"
"CESAR","GONZÁLEZ","1","sin información","1","2023-06-20","REPS"
"CESAR","LA GLORIA","1","sin información","1","2023-06-20","REPS"
"CESAR","LA JAGUA DE IBIRICO","7","sin información","7","2023-06-20","REPS"
"CESAR","LA PAZ","3","sin información","3","2023-06-20","REPS"
"CESAR","MANAURE","2","sin información","2","2023-06-20","REPS"
"CESAR","PAILITAS","2","sin información","2","2023-06-20","REPS"
"CESAR","PELAYA","3","sin información","3","2023-06-20","REPS"
"CESAR","PUEBLO BELLO","4","sin información","4","2023-06-20","REPS"
"CESAR","RÍO DE ORO","5","sin información","5","2023-06-20","REPS"
"CESAR","SAN ALBERTO","6","1","7","2023-06-20","REPS"
"CESAR","SAN DIEGO","3","sin información","3","2023-06-20","REPS"
"CESAR","SAN MARTÍN","6","sin información","6","2023-06-20","REPS"
"CESAR","TAMALAMEQUE","4","sin información","4","2023-06-20","REPS"
"CESAR","VALLEDUPAR","63","69","132","2023-06-20","REPS"
"CHOCÓ","ACANDÍ","1","sin información","1","2023-06-20","REPS"
"CHOCÓ","CARMEN DEL DARIEN","9","1","10","2023-06-20","REPS"
"CHOCÓ","CÉRTEGUI","1","sin información","1","2023-06-20","REPS"
"CHOCÓ","CONDOTO","1","sin información","1","2023-06-20","REPS"
"CHOCÓ","EL CANTÓN DEL SAN PABLO","1","sin información","1","2023-06-20","REPS"
"CHOCÓ","EL CARMEN DE ATRATO","3","sin información","3","2023-06-20","REPS"
"CHOCÓ","EL LITORAL DEL SAN JUAN","2","sin información","2","2023-06-20","REPS"
"CHOCÓ","ISTMINA","3","sin información","3","2023-06-20","REPS"
"CHOCÓ","LLORÓ","1","sin información","1","2023-06-20","REPS"
"CHOCÓ","MEDIO BAUDÓ","1","sin información","1","2023-06-20","REPS"
"CHOCÓ","MEDIO SAN JUAN","1","sin información","1","2023-06-20","REPS"
"CHOCÓ","NÓVITA","2","sin información","2","2023-06-20","REPS"
"CHOCÓ","QUIBDÓ","14","7","21","2023-06-20","REPS"
"CHOCÓ","RÍO IRO","1","sin información","1","2023-06-20","REPS"
"CHOCÓ","RIOSUCIO","2","1","3","2023-06-20","REPS"
"CHOCÓ","SAN JOSÉ DEL PALMAR","2","sin información","2","2023-06-20","REPS"
"CHOCÓ","TADÓ","1","sin información","1","2023-06-20","REPS"
"CHOCÓ","UNGUÍA","1","sin información","1","2023-06-20","REPS"
"CHOCÓ","UNIÓN PANAMERICANA","1","sin información","1","2023-06-20","REPS"
"CÓRDOBA","AYAPEL","6","sin información","6","2023-06-20","REPS"
"CÓRDOBA","BUENAVISTA","3","3","6","2023-06-20","REPS"
"CÓRDOBA","CANALETE","3","sin información","3","2023-06-20","REPS"
"CÓRDOBA","CERETÉ","10","1","11","2023-06-20","REPS"
"CÓRDOBA","CHIMÁ","4","sin información","4","2023-06-20","REPS"
"CÓRDOBA","CHINÚ","4","sin información","4","2023-06-20","REPS"
"CÓRDOBA","CIÉNAGA DE ORO","4","sin información","4","2023-06-20","REPS"
"CÓRDOBA","COTORRA","2","sin información","2","2023-06-20","REPS"
"CÓRDOBA","LA APARTADA","1","sin información","1","2023-06-20","REPS"
"CÓRDOBA","LORICA","6","5","11","2023-06-20","REPS"
"CÓRDOBA","LOS CÓRDOBAS","2","sin información","2","2023-06-20","REPS"
"CÓRDOBA","MOMIL","1","sin información","1","2023-06-20","REPS"
"CÓRDOBA","MONTELÍBANO","11","1","12","2023-06-20","REPS"
"CÓRDOBA","MONTERÍA","41","30","71","2023-06-20","REPS"
"CÓRDOBA","MOÑITOS","4","sin información","4","2023-06-20","REPS"
"CÓRDOBA","PLANETA RICA","8","sin información","8","2023-06-20","REPS"
"CÓRDOBA","PUEBLO NUEVO","5","sin información","5","2023-06-20","REPS"
"CÓRDOBA","PUERTO ESCONDIDO","3","sin información","3","2023-06-20","REPS"
"CÓRDOBA","PUERTO LIBERTADOR","6","sin información","6","2023-06-20","REPS"
"CÓRDOBA","PURÍSIMA","2","sin información","2","2023-06-20","REPS"
"CÓRDOBA","SAHAGÚN","7","4","11","2023-06-20","REPS"
"CÓRDOBA","SAN ANDRÉS SOTAVENTO","1","sin información","1","2023-06-20","REPS"
"CÓRDOBA","SAN ANTERO","1","sin información","1","2023-06-20","REPS"
"CÓRDOBA","SAN BERNARDO DEL VIENTO","1","sin información","1","2023-06-20","REPS"
"CÓRDOBA","SAN CARLOS","1","sin información","1","2023-06-20","REPS"
"CÓRDOBA","SAN PELAYO","4","sin información","4","2023-06-20","REPS"
"CÓRDOBA","TIERRALTA","5","sin información","5","2023-06-20","REPS"
"CÓRDOBA","TUCHÍN","2","sin información","2","2023-06-20","REPS"
"CÓRDOBA","VALENCIA","3","sin información","3","2023-06-20","REPS"
"CUNDINAMARCA","AGUA DE DIOS","3","sin información","3","2023-06-20","REPS"
"CUNDINAMARCA","ALBÁN","1","sin información","1","2023-06-20","REPS"
"CUNDINAMARCA","ANAPOIMA","2","sin información","2","2023-06-20","REPS"
"CUNDINAMARCA","ANOLAIMA","2","sin información","2","2023-06-20","REPS"
"CUNDINAMARCA","APULO","1","sin información","1","2023-06-20","REPS"
"CUNDINAMARCA","ARBELÁEZ","3","sin información","3","2023-06-20","REPS"
"CUNDINAMARCA","BELTRÁN","1","sin información","1","2023-06-20","REPS"
"CUNDINAMARCA","BITUIMA","2","sin información","2","2023-06-20","REPS"
"CUNDINAMARCA","BOJACÁ","1","sin información","1","2023-06-20","REPS"
"CUNDINAMARCA","CABRERA","2","sin información","2","2023-06-20","REPS"
"CUNDINAMARCA","CACHIPAY","1","sin información","1","2023-06-20","REPS"
"CUNDINAMARCA","CAJICÁ","7","1","8","2023-06-20","REPS"
"CUNDINAMARCA","CAPARRAPÍ","2","sin información","2","2023-06-20","REPS"
"CUNDINAMARCA","CAQUEZA","2","3","5","2023-06-20","REPS"
"CUNDINAMARCA","CARMEN DE CARUPA","3","sin información","3","2023-06-20","REPS"
"CUNDINAMARCA","CHAGUANÍ","2","sin información","2","2023-06-20","REPS"
"CUNDINAMARCA","CHÍA","19","6","25","2023-06-20","REPS"
"CUNDINAMARCA","CHIPAQUE","1","sin información","1","2023-06-20","REPS"
"CUNDINAMARCA","CHOACHÍ","2","sin información","2","2023-06-20","REPS"
"CUNDINAMARCA","CHOCONTÁ","2","sin información","2","2023-06-20","REPS"
"CUNDINAMARCA","COGUA","2","sin información","2","2023-06-20","REPS"
"CUNDINAMARCA","COTA","2","sin información","2","2023-06-20","REPS"
"CUNDINAMARCA","CUCUNUBÁ","1","sin información","1","2023-06-20","REPS"
"CUNDINAMARCA","EL COLEGIO","4","sin información","4","2023-06-20","REPS"
"CUNDINAMARCA","EL PEÑÓN","3","sin información","3","2023-06-20","REPS"
"CUNDINAMARCA","EL ROSAL","2","sin información","2","2023-06-20","REPS"
"CUNDINAMARCA","FACATATIVÁ","2","3","5","2023-06-20","REPS"
"CUNDINAMARCA","FOMEQUE","4","sin información","4","2023-06-20","REPS"
"CUNDINAMARCA","FOSCA","2","sin información","2","2023-06-20","REPS"
"CUNDINAMARCA","FUNZA","10","3","13","2023-06-20","REPS"
"CUNDINAMARCA","FÚQUENE","2","sin información","2","2023-06-20","REPS"
"CUNDINAMARCA","FUSAGASUGÁ","22","15","37","2023-06-20","REPS"
"CUNDINAMARCA","GACHALA","1","sin información","1","2023-06-20","REPS"
"CUNDINAMARCA","GACHANCIPÁ","2","sin información","2","2023-06-20","REPS"
"CUNDINAMARCA","GACHETÁ","4","2","6","2023-06-20","REPS"
"CUNDINAMARCA","GIRARDOT","22","9","31","2023-06-20","REPS"
"CUNDINAMARCA","GUACHETÁ","3","sin información","3","2023-06-20","REPS"
"CUNDINAMARCA","GUADUAS","2","1","3","2023-06-20","REPS"
"CUNDINAMARCA","GUASCA","2","sin información","2","2023-06-20","REPS"
"CUNDINAMARCA","GUATAVITA","2","sin información","2","2023-06-20","REPS"
"CUNDINAMARCA","GUAYABAL DE SIQUIMA","1","sin información","1","2023-06-20","REPS"
"CUNDINAMARCA","GUAYABETAL","2","sin información","2","2023-06-20","REPS"
"CUNDINAMARCA","GUTIÉRREZ","2","sin información","2","2023-06-20","REPS"
"CUNDINAMARCA","JERUSALÉN","2","sin información","2","2023-06-20","REPS"
"CUNDINAMARCA","JUNÍN","3","sin información","3","2023-06-20","REPS"
"CUNDINAMARCA","LA CALERA","2","sin información","2","2023-06-20","REPS"
"CUNDINAMARCA","LA MESA","3","2","5","2023-06-20","REPS"
"CUNDINAMARCA","LA PALMA","3","sin información","3","2023-06-20","REPS"
"CUNDINAMARCA","LA PEÑA","2","sin información","2","2023-06-20","REPS"
"CUNDINAMARCA","LA VEGA","1","1","2","2023-06-20","REPS"
"CUNDINAMARCA","LENGUAZAQUE","1","sin información","1","2023-06-20","REPS"
"CUNDINAMARCA","MACHETA","2","sin información","2","2023-06-20","REPS"
"CUNDINAMARCA","MADRID","10","17","27","2023-06-20","REPS"
"CUNDINAMARCA","MANTA","1","sin información","1","2023-06-20","REPS"
"CUNDINAMARCA","MEDINA","1","2","3","2023-06-20","REPS"
"CUNDINAMARCA","MOSQUERA","3","3","6","2023-06-20","REPS"
"CUNDINAMARCA","NARIÑO","1","sin información","1","2023-06-20","REPS"
"CUNDINAMARCA","NEMOCÓN","3","sin información","3","2023-06-20","REPS"
"CUNDINAMARCA","NILO","1","sin información","1","2023-06-20","REPS"
"CUNDINAMARCA","NIMAIMA","2","sin información","2","2023-06-20","REPS"
"CUNDINAMARCA","NOCAIMA","1","sin información","1","2023-06-20","REPS"
"CUNDINAMARCA","PACHO","5","2","7","2023-06-20","REPS"
"CUNDINAMARCA","PAIME","2","sin información","2","2023-06-20","REPS"
"CUNDINAMARCA","PANDI","1","sin información","1","2023-06-20","REPS"
"CUNDINAMARCA","PARATEBUENO","2","sin información","2","2023-06-20","REPS"
"CUNDINAMARCA","PASCA","1","sin información","1","2023-06-20","REPS"
"CUNDINAMARCA","PUERTO SALGAR","3","sin información","3","2023-06-20","REPS"
"CUNDINAMARCA","PULÍ","1","sin información","1","2023-06-20","REPS"
"CUNDINAMARCA","QUEBRADANEGRA","1","sin información","1","2023-06-20","REPS"
"CUNDINAMARCA","QUETAME","1","sin información","1","2023-06-20","REPS"
"CUNDINAMARCA","QUIPILE","1","sin información","1","2023-06-20","REPS"
"CUNDINAMARCA","RICAURTE","2","sin información","2","2023-06-20","REPS"
"CUNDINAMARCA","SAN ANTONIO DEL TEQUENDAMA","2","sin información","2","2023-06-20","REPS"
"CUNDINAMARCA","SAN BERNARDO","2","sin información","2","2023-06-20","REPS"
"CUNDINAMARCA","SAN CAYETANO","2","sin información","2","2023-06-20","REPS"
"CUNDINAMARCA","SAN FRANCISCO","1","sin información","1","2023-06-20","REPS"
"CUNDINAMARCA","SAN JUAN DE RÍO SECO","4","sin información","4","2023-06-20","REPS"
"CUNDINAMARCA","SASAIMA","3","sin información","3","2023-06-20","REPS"
"CUNDINAMARCA","SESQUILÉ","3","sin información","3","2023-06-20","REPS"
"CUNDINAMARCA","SIBATÉ","2","sin información","2","2023-06-20","REPS"
"CUNDINAMARCA","SILVANIA","3","sin información","3","2023-06-20","REPS"
"CUNDINAMARCA","SIMIJACA","2","sin información","2","2023-06-20","REPS"
"CUNDINAMARCA","SOACHA","31","5","36","2023-06-20","REPS"
"CUNDINAMARCA","SOPÓ","5","1","6","2023-06-20","REPS"
"CUNDINAMARCA","SUBACHOQUE","2","sin información","2","2023-06-20","REPS"
"CUNDINAMARCA","SUESCA","2","sin información","2","2023-06-20","REPS"
"CUNDINAMARCA","SUPATÁ","1","sin información","1","2023-06-20","REPS"
"CUNDINAMARCA","SUSA","1","sin información","1","2023-06-20","REPS"
"CUNDINAMARCA","SUTATAUSA","2","sin información","2","2023-06-20","REPS"
"CUNDINAMARCA","TABIO","2","sin información","2","2023-06-20","REPS"
"CUNDINAMARCA","TAUSA","3","sin información","3","2023-06-20","REPS"
"CUNDINAMARCA","TENJO","3","sin información","3","2023-06-20","REPS"
"CUNDINAMARCA","TIBACUY","1","sin información","1","2023-06-20","REPS"
"CUNDINAMARCA","TIBIRITA","1","sin información","1","2023-06-20","REPS"
"CUNDINAMARCA","TOCAIMA","2","sin información","2","2023-06-20","REPS"
"CUNDINAMARCA","TOCANCIPÁ","1","sin información","1","2023-06-20","REPS"
"CUNDINAMARCA","TOPAIPÍ","1","sin información","1","2023-06-20","REPS"
"CUNDINAMARCA","UBALÁ","2","sin información","2","2023-06-20","REPS"
"CUNDINAMARCA","UBAQUE","1","sin información","1","2023-06-20","REPS"
"CUNDINAMARCA","UNE","3","sin información","3","2023-06-20","REPS"
"CUNDINAMARCA","ÚTICA","2","sin información","2","2023-06-20","REPS"
"CUNDINAMARCA","VENECIA","1","sin información","1","2023-06-20","REPS"
"CUNDINAMARCA","VERGARA","2","sin información","2","2023-06-20","REPS"
"CUNDINAMARCA","VIANÍ","2","sin información","2","2023-06-20","REPS"
"CUNDINAMARCA","VILLA DE SAN DIEGO DE UBATE","sin información","2","2","2023-06-20","REPS"
"CUNDINAMARCA","VILLAGÓMEZ","1","sin información","1","2023-06-20","REPS"
"CUNDINAMARCA","VILLAPINZÓN","2","sin información","2","2023-06-20","REPS"
"CUNDINAMARCA","VILLETA","2","2","4","2023-06-20","REPS"
"CUNDINAMARCA","VIOTÁ","3","sin información","3","2023-06-20","REPS"
"CUNDINAMARCA","YACOPÍ","2","sin información","2","2023-06-20","REPS"
"CUNDINAMARCA","ZIPACÓN","2","sin información","2","2023-06-20","REPS"
"CUNDINAMARCA","ZIPAQUIRÁ","15","11","26","2023-06-20","REPS"
"GUAINÍA","BARRANCO MINAS","1","sin información","1","2023-06-20","REPS"
"GUAINÍA","INÍRIDA","1","sin información","1","2023-06-20","REPS"
"GUAINÍA","SAN FELIPE","1","sin información","1","2023-06-20","REPS"
"GUAVIARE","CALAMAR","1","sin información","1","2023-06-20","REPS"
"GUAVIARE","EL RETORNO","1","sin información","1","2023-06-20","REPS"
"GUAVIARE","MIRAFLORES","1","sin información","1","2023-06-20","REPS"
"GUAVIARE","SAN JOSÉ DEL GUAVIARE","9","6","15","2023-06-20","REPS"
"HUILA","ACEVEDO","4","sin información","4","2023-06-20","REPS"
"HUILA","AGRADO","2","sin información","2","2023-06-20","REPS"
"HUILA","AIPE","3","1","4","2023-06-20","REPS"
"HUILA","ALGECIRAS","4","sin información","4","2023-06-20","REPS"
"HUILA","BARAYA","3","sin información","3","2023-06-20","REPS"
"HUILA","CAMPOALEGRE","5","sin información","5","2023-06-20","REPS"
"HUILA","COLOMBIA","3","sin información","3","2023-06-20","REPS"
"HUILA","ELÍAS","3","sin información","3","2023-06-20","REPS"
"HUILA","GARZÓN","5","3","8","2023-06-20","REPS"
"HUILA","GIGANTE","4","sin información","4","2023-06-20","REPS"
"HUILA","GUADALUPE","6","sin información","6","2023-06-20","REPS"
"HUILA","HOBO","3","sin información","3","2023-06-20","REPS"
"HUILA","IQUIRA","3","sin información","3","2023-06-20","REPS"
"HUILA","ISNOS","4","sin información","4","2023-06-20","REPS"
"HUILA","LA ARGENTINA","3","sin información","3","2023-06-20","REPS"
"HUILA","LA PLATA","6","4","10","2023-06-20","REPS"
"HUILA","NÁTAGA","3","sin información","3","2023-06-20","REPS"
"HUILA","NEIVA","57","18","75","2023-06-20","REPS"
"HUILA","OPORAPA","2","sin información","2","2023-06-20","REPS"
"HUILA","PAICOL","3","sin información","3","2023-06-20","REPS"
"HUILA","PALERMO","4","sin información","4","2023-06-20","REPS"
"HUILA","PALESTINA","2","sin información","2","2023-06-20","REPS"
"HUILA","PITAL","2","sin información","2","2023-06-20","REPS"
"HUILA","PITALITO","16","18","34","2023-06-20","REPS"
"HUILA","RIVERA","4","sin información","4","2023-06-20","REPS"
"HUILA","SALADOBLANCO","3","sin información","3","2023-06-20","REPS"
"HUILA","SAN AGUSTÍN","5","sin información","5","2023-06-20","REPS"
"HUILA","SANTA MARÍA","2","sin información","2","2023-06-20","REPS"
"HUILA","SUAZA","4","sin información","4","2023-06-20","REPS"
"HUILA","TARQUI","3","sin información","3","2023-06-20","REPS"
"HUILA","TELLO","4","sin información","4","2023-06-20","REPS"
"HUILA","TERUEL","2","sin información","2","2023-06-20","REPS"
"HUILA","TESALIA","3","sin información","3","2023-06-20","REPS"
"HUILA","TIMANÁ","4","sin información","4","2023-06-20","REPS"
"HUILA","VILLAVIEJA","2","sin información","2","2023-06-20","REPS"
"HUILA","YAGUARÁ","2","sin información","2","2023-06-20","REPS"
"LA GUAJIRA","ALBANIA","2","sin información","2","2023-06-20","REPS"
"LA GUAJIRA","BARRANCAS","3","sin información","3","2023-06-20","REPS"
"LA GUAJIRA","DIBULLA","3","sin información","3","2023-06-20","REPS"
"LA GUAJIRA","DISTRACCIÓN","1","sin información","1","2023-06-20","REPS"
"LA GUAJIRA","EL MOLINO","2","sin información","2","2023-06-20","REPS"
"LA GUAJIRA","FONSECA","3","sin información","3","2023-06-20","REPS"
"LA GUAJIRA","HATONUEVO","3","sin información","3","2023-06-20","REPS"
"LA GUAJIRA","LA JAGUA DEL PILAR","2","sin información","2","2023-06-20","REPS"
"LA GUAJIRA","MAICAO","7","19","26","2023-06-20","REPS"
"LA GUAJIRA","MANAURE","4","sin información","4","2023-06-20","REPS"
"LA GUAJIRA","RIOHACHA","16","34","50","2023-06-20","REPS"
"LA GUAJIRA","SAN JUAN DEL CESAR","3","17","20","2023-06-20","REPS"
"LA GUAJIRA","URIBIA","10","1","11","2023-06-20","REPS"
"LA GUAJIRA","URUMITA","3","sin información","3","2023-06-20","REPS"
"LA GUAJIRA","VILLANUEVA","2","1","3","2023-06-20","REPS"
"MAGDALENA","ALGARROBO","3","sin información","3","2023-06-20","REPS"
"MAGDALENA","ARACATACA","2","sin información","2","2023-06-20","REPS"
"MAGDALENA","ARIGUANÍ","3","1","4","2023-06-20","REPS"
"MAGDALENA","CERRO SAN ANTONIO","4","sin información","4","2023-06-20","REPS"
"MAGDALENA","CHIBOLO","2","sin información","2","2023-06-20","REPS"
"MAGDALENA","CIÉNAGA","19","11","30","2023-06-20","REPS"
"MAGDALENA","CONCORDIA","3","sin información","3","2023-06-20","REPS"
"MAGDALENA","EL BANCO","5","11","16","2023-06-20","REPS"
"MAGDALENA","EL PIÑON","5","sin información","5","2023-06-20","REPS"
"MAGDALENA","EL RETÉN","3","sin información","3","2023-06-20","REPS"
"MAGDALENA","FUNDACIÓN","5","7","12","2023-06-20","REPS"
"MAGDALENA","GUAMAL","3","sin información","3","2023-06-20","REPS"
"MAGDALENA","NUEVA GRANADA","1","sin información","1","2023-06-20","REPS"
"MAGDALENA","PEDRAZA","3","sin información","3","2023-06-20","REPS"
"MAGDALENA","PIJIÑO DEL CARMEN","3","sin información","3","2023-06-20","REPS"
"MAGDALENA","PIVIJAY","2","3","5","2023-06-20","REPS"
"MAGDALENA","PLATO","9","3","12","2023-06-20","REPS"
"MAGDALENA","PUEBLOVIEJO","2","sin información","2","2023-06-20","REPS"
"MAGDALENA","REMOLINO","3","sin información","3","2023-06-20","REPS"
"MAGDALENA","SABANAS DE SAN ANGEL","3","sin información","3","2023-06-20","REPS"
"MAGDALENA","SALAMINA","3","sin información","3","2023-06-20","REPS"
"MAGDALENA","SAN SEBASTIÁN DE BUENAVISTA","2","sin información","2","2023-06-20","REPS"
"MAGDALENA","SAN ZENÓN","2","sin información","2","2023-06-20","REPS"
"MAGDALENA","SANTA ANA","3","sin información","3","2023-06-20","REPS"
"MAGDALENA","SANTA BÁRBARA DE PINTO","2","sin información","2","2023-06-20","REPS"
"MAGDALENA","SITIONUEVO","2","sin información","2","2023-06-20","REPS"
"MAGDALENA","TENERIFE","4","sin información","4","2023-06-20","REPS"
"MAGDALENA","ZAPAYÁN","3","sin información","3","2023-06-20","REPS"
"MAGDALENA","ZONA BANANERA","3","sin información","3","2023-06-20","REPS"
"META","ACACÍAS","6","sin información","6","2023-06-20","REPS"
"META","BARRANCA DE UPÍA","1","sin información","1","2023-06-20","REPS"
"META","CABUYARO","3","sin información","3","2023-06-20","REPS"
"META","CASTILLA LA NUEVA","3","1","4","2023-06-20","REPS"
"META","CUBARRAL","1","sin información","1","2023-06-20","REPS"
"META","CUMARAL","1","sin información","1","2023-06-20","REPS"
"META","EL CALVARIO","2","sin información","2","2023-06-20","REPS"
"META","EL CASTILLO","2","sin información","2","2023-06-20","REPS"
"META","EL DORADO","1","sin información","1","2023-06-20","REPS"
"META","FUENTE DE ORO","2","sin información","2","2023-06-20","REPS"
"META","GRANADA","3","3","6","2023-06-20","REPS"
"META","GUAMAL","4","sin información","4","2023-06-20","REPS"
"META","LA MACARENA","3","sin información","3","2023-06-20","REPS"
"META","LEJANÍAS","1","sin información","1","2023-06-20","REPS"
"META","MAPIRIPÁN","3","sin información","3","2023-06-20","REPS"
"META","MESETAS","2","sin información","2","2023-06-20","REPS"
"META","PUERTO CONCORDIA","2","sin información","2","2023-06-20","REPS"
"META","PUERTO GAITÁN","31","13","44","2023-06-20","REPS"
"META","PUERTO LLERAS","1","sin información","1","2023-06-20","REPS"
"META","PUERTO LÓPEZ","6","6","12","2023-06-20","REPS"
"META","PUERTO RICO","3","sin información","3","2023-06-20","REPS"
"META","RESTREPO","1","sin información","1","2023-06-20","REPS"
"META","SAN CARLOS DE GUAROA","3","sin información","3","2023-06-20","REPS"
"META","SAN JUAN DE ARAMA","1","sin información","1","2023-06-20","REPS"
"META","SAN JUANITO","2","sin información","2","2023-06-20","REPS"
"META","SAN MARTÍN","4","sin información","4","2023-06-20","REPS"
"META","URIBE","3","sin información","3","2023-06-20","REPS"
"META","VILLAVICENCIO","68","53","121","2023-06-20","REPS"
"META","VISTAHERMOSA","1","sin información","1","2023-06-20","REPS"
"NARIÑO","ALBÁN","2","sin información","2","2023-06-20","REPS"
"NARIÑO","ALDANA","2","sin información","2","2023-06-20","REPS"
"NARIÑO","ANCUYÁ","2","sin información","2","2023-06-20","REPS"
"NARIÑO","ARBOLEDA","3","sin información","3","2023-06-20","REPS"
"NARIÑO","BARBACOAS","5","sin información","5","2023-06-20","REPS"
"NARIÑO","BELÉN","2","sin información","2","2023-06-20","REPS"
"NARIÑO","BUESACO","2","sin información","2","2023-06-20","REPS"
"NARIÑO","CHACHAGÜÍ","2","sin información","2","2023-06-20","REPS"
"NARIÑO","COLÓN","2","sin información","2","2023-06-20","REPS"
"NARIÑO","CONSACA","2","sin información","2","2023-06-20","REPS"
"NARIÑO","CONTADERO","1","sin información","1","2023-06-20","REPS"
"NARIÑO","CÓRDOBA","2","sin información","2","2023-06-20","REPS"
"NARIÑO","CUASPUD","2","sin información","2","2023-06-20","REPS"
"NARIÑO","CUMBAL","8","sin información","8","2023-06-20","REPS"
"NARIÑO","CUMBITARA","2","sin información","2","2023-06-20","REPS"
"NARIÑO","EL CHARCO","2","sin información","2","2023-06-20","REPS"
"NARIÑO","EL PEÑOL","1","sin información","1","2023-06-20","REPS"
"NARIÑO","EL ROSARIO","2","sin información","2","2023-06-20","REPS"
"NARIÑO","EL TABLÓN DE GÓMEZ","4","sin información","4","2023-06-20","REPS"
"NARIÑO","EL TAMBO","3","sin información","3","2023-06-20","REPS"
"NARIÑO","FRANCISCO PIZARRO","1","sin información","1","2023-06-20","REPS"
"NARIÑO","FUNES","2","sin información","2","2023-06-20","REPS"
"NARIÑO","GUACHUCAL","3","sin información","3","2023-06-20","REPS"
"NARIÑO","GUAITARILLA","2","sin información","2","2023-06-20","REPS"
"NARIÑO","GUALMATÁN","1","sin información","1","2023-06-20","REPS"
"NARIÑO","ILES","3","sin información","3","2023-06-20","REPS"
"NARIÑO","IMUÉS","1","sin información","1","2023-06-20","REPS"
"NARIÑO","IPIALES","10","3","13","2023-06-20","REPS"
"NARIÑO","LA CRUZ","3","sin información","3","2023-06-20","REPS"
"NARIÑO","LA FLORIDA","2","sin información","2","2023-06-20","REPS"
"NARIÑO","LA LLANADA","1","sin información","1","2023-06-20","REPS"
"NARIÑO","LA TOLA","2","sin información","2","2023-06-20","REPS"
"NARIÑO","LA UNIÓN","3","1","4","2023-06-20","REPS"
"NARIÑO","LEIVA","1","sin información","1","2023-06-20","REPS"
"NARIÑO","LINARES","2","sin información","2","2023-06-20","REPS"
"NARIÑO","LOS ANDES","2","sin información","2","2023-06-20","REPS"
"NARIÑO","MAGÜI","4","sin información","4","2023-06-20","REPS"
"NARIÑO","MALLAMA","3","sin información","3","2023-06-20","REPS"
"NARIÑO","NARIÑO","1","sin información","1","2023-06-20","REPS"
"NARIÑO","OLAYA HERRERA","2","sin información","2","2023-06-20","REPS"
"NARIÑO","OSPINA","1","sin información","1","2023-06-20","REPS"
"NARIÑO","PASTO","31","25","56","2023-06-20","REPS"
"NARIÑO","POLICARPA","3","sin información","3","2023-06-20","REPS"
"NARIÑO","POTOSÍ","2","sin información","2","2023-06-20","REPS"
"NARIÑO","PROVIDENCIA","2","sin información","2","2023-06-20","REPS"
"NARIÑO","PUERRES","3","sin información","3","2023-06-20","REPS"
"NARIÑO","PUPIALES","3","sin información","3","2023-06-20","REPS"
"NARIÑO","RICAURTE","5","sin información","5","2023-06-20","REPS"
"NARIÑO","ROBERTO PAYÁN","1","sin información","1","2023-06-20","REPS"
"NARIÑO","SAMANIEGO","5","2","7","2023-06-20","REPS"
"NARIÑO","SAN BERNARDO","3","sin información","3","2023-06-20","REPS"
"NARIÑO","SAN LORENZO","4","sin información","4","2023-06-20","REPS"
"NARIÑO","SAN PABLO","3","sin información","3","2023-06-20","REPS"
"NARIÑO","SAN PEDRO DE CARTAGO","2","sin información","2","2023-06-20","REPS"
"NARIÑO","SANDONÁ","3","sin información","3","2023-06-20","REPS"
"NARIÑO","SANTACRUZ","2","sin información","2","2023-06-20","REPS"
"NARIÑO","SAPUYES","2","sin información","2","2023-06-20","REPS"
"NARIÑO","TAMINANGO","3","sin información","3","2023-06-20","REPS"
"NARIÑO","TANGUA","2","2","4","2023-06-20","REPS"
"NARIÑO","TUMACO","9","4","13","2023-06-20","REPS"
"NARIÑO","TÚQUERRES","3","1","4","2023-06-20","REPS"
"NARIÑO","YACUANQUER","3","sin información","3","2023-06-20","REPS"
"NORTE DE SANTANDER","ABREGO","3","sin información","3","2023-06-20","REPS"
"NORTE DE SANTANDER","ARBOLEDAS","4","sin información","4","2023-06-20","REPS"
"NORTE DE SANTANDER","BOCHALEMA","3","sin información","3","2023-06-20","REPS"
"NORTE DE SANTANDER","BUCARASICA","1","sin información","1","2023-06-20","REPS"
"NORTE DE SANTANDER","CACHIRÁ","2","sin información","2","2023-06-20","REPS"
"NORTE DE SANTANDER","CÁCOTA","1","sin información","1","2023-06-20","REPS"
"NORTE DE SANTANDER","CHINÁCOTA","3","sin información","3","2023-06-20","REPS"
"NORTE DE SANTANDER","CHITAGÁ","1","sin información","1","2023-06-20","REPS"
"NORTE DE SANTANDER","CONVENCIÓN","3","sin información","3","2023-06-20","REPS"
"NORTE DE SANTANDER","CÚCUTA","52","15","67","2023-06-20","REPS"
"NORTE DE SANTANDER","CUCUTILLA","1","sin información","1","2023-06-20","REPS"
"NORTE DE SANTANDER","DURANIA","1","sin información","1","2023-06-20","REPS"
"NORTE DE SANTANDER","EL CARMEN","2","sin información","2","2023-06-20","REPS"
"NORTE DE SANTANDER","EL TARRA","4","sin información","4","2023-06-20","REPS"
"NORTE DE SANTANDER","EL ZULIA","5","1","6","2023-06-20","REPS"
"NORTE DE SANTANDER","GRAMALOTE","1","sin información","1","2023-06-20","REPS"
"NORTE DE SANTANDER","HACARÍ","1","sin información","1","2023-06-20","REPS"
"NORTE DE SANTANDER","HERRÁN","2","sin información","2","2023-06-20","REPS"
"NORTE DE SANTANDER","LA ESPERANZA","2","sin información","2","2023-06-20","REPS"
"NORTE DE SANTANDER","LA PLAYA","2","sin información","2","2023-06-20","REPS"
"NORTE DE SANTANDER","LABATECA","1","sin información","1","2023-06-20","REPS"
"NORTE DE SANTANDER","LOS PATIOS","4","sin información","4","2023-06-20","REPS"
"NORTE DE SANTANDER","LOURDES","1","sin información","1","2023-06-20","REPS"
"NORTE DE SANTANDER","MUTISCUA","1","sin información","1","2023-06-20","REPS"
"NORTE DE SANTANDER","OCAÑA","8","6","14","2023-06-20","REPS"
"NORTE DE SANTANDER","PAMPLONA","6","1","7","2023-06-20","REPS"
"NORTE DE SANTANDER","PAMPLONITA","1","sin información","1","2023-06-20","REPS"
"NORTE DE SANTANDER","PUERTO SANTANDER","2","sin información","2","2023-06-20","REPS"
"NORTE DE SANTANDER","RAGONVALIA","1","sin información","1","2023-06-20","REPS"
"NORTE DE SANTANDER","SALAZAR","3","sin información","3","2023-06-20","REPS"
"NORTE DE SANTANDER","SAN CALIXTO","1","sin información","1","2023-06-20","REPS"
"NORTE DE SANTANDER","SAN CAYETANO","3","sin información","3","2023-06-20","REPS"
"NORTE DE SANTANDER","SANTIAGO","1","sin información","1","2023-06-20","REPS"
"NORTE DE SANTANDER","SARDINATA","7","sin información","7","2023-06-20","REPS"
"NORTE DE SANTANDER","SILOS","1","sin información","1","2023-06-20","REPS"
"NORTE DE SANTANDER","TEORAMA","3","sin información","3","2023-06-20","REPS"
"NORTE DE SANTANDER","TIBÚ","12","2","14","2023-06-20","REPS"
"NORTE DE SANTANDER","TOLEDO","5","sin información","5","2023-06-20","REPS"
"NORTE DE SANTANDER","VILLA CARO","1","sin información","1","2023-06-20","REPS"
"NORTE DE SANTANDER","VILLA DEL ROSARIO","3","sin información","3","2023-06-20","REPS"
"PUTUMAYO","COLÓN","1","2","3","2023-06-20","REPS"
"PUTUMAYO","LEGUÍZAMO","3","sin información","3","2023-06-20","REPS"
"PUTUMAYO","MOCOA","16","35","51","2023-06-20","REPS"
"PUTUMAYO","ORITO","2","sin información","2","2023-06-20","REPS"
"PUTUMAYO","PUERTO ASÍS","9","10","19","2023-06-20","REPS"
"PUTUMAYO","PUERTO CAICEDO","3","sin información","3","2023-06-20","REPS"
"PUTUMAYO","PUERTO GUZMÁN","1","sin información","1","2023-06-20","REPS"
"PUTUMAYO","SAN MIGUEL","1","sin información","1","2023-06-20","REPS"
"PUTUMAYO","VALLE DEL GUAMUEZ","3","2","5","2023-06-20","REPS"
"PUTUMAYO","VILLAGARZÓN","3","2","5","2023-06-20","REPS"
"QUINDÍO","ARMENIA","50","9","59","2023-06-20","REPS"
"QUINDÍO","BUENAVISTA","2","sin información","2","2023-06-20","REPS"
"QUINDÍO","CALARCA","3","1","4","2023-06-20","REPS"
"QUINDÍO","CIRCASIA","3","sin información","3","2023-06-20","REPS"
"QUINDÍO","CÓRDOBA","2","sin información","2","2023-06-20","REPS"
"QUINDÍO","FILANDIA","3","sin información","3","2023-06-20","REPS"
"QUINDÍO","GÉNOVA","2","sin información","2","2023-06-20","REPS"
"QUINDÍO","LA TEBAIDA","6","sin información","6","2023-06-20","REPS"
"QUINDÍO","MONTENEGRO","2","sin información","2","2023-06-20","REPS"
"QUINDÍO","PIJAO","2","sin información","2","2023-06-20","REPS"
"QUINDÍO","QUIMBAYA","5","sin información","5","2023-06-20","REPS"
"QUINDÍO","SALENTO","2","sin información","2","2023-06-20","REPS"
"RISARALDA","APÍA","2","sin información","2","2023-06-20","REPS"
"RISARALDA","BALBOA","2","sin información","2","2023-06-20","REPS"
"RISARALDA","BELÉN DE UMBRÍA","3","sin información","3","2023-06-20","REPS"
"RISARALDA","DOSQUEBRADAS","7","sin información","7","2023-06-20","REPS"
"RISARALDA","GUÁTICA","2","sin información","2","2023-06-20","REPS"
"RISARALDA","LA CELIA","2","sin información","2","2023-06-20","REPS"
"RISARALDA","LA VIRGINIA","3","sin información","3","2023-06-20","REPS"
"RISARALDA","MARSELLA","2","sin información","2","2023-06-20","REPS"
"RISARALDA","MISTRATÓ","3","sin información","3","2023-06-20","REPS"
"RISARALDA","PEREIRA","68","13","81","2023-06-20","REPS"
"RISARALDA","PUEBLO RICO","2","sin información","2","2023-06-20","REPS"
"RISARALDA","QUINCHÍA","5","sin información","5","2023-06-20","REPS"
"RISARALDA","SANTA ROSA DE CABAL","4","sin información","4","2023-06-20","REPS"
"RISARALDA","SANTUARIO","2","sin información","2","2023-06-20","REPS"
"SAN ANDRÉS Y PROVIDENCIA","PROVIDENCIA","1","sin información","1","2023-06-20","REPS"
"SAN ANDRÉS Y PROVIDENCIA","SAN ANDRÉS","3","sin información","3","2023-06-20","REPS"
"SANTA MARTA","SANTA MARTA","55","22","77","2023-06-20","REPS"
"SANTANDER","AGUADA","1","sin información","1","2023-06-20","REPS"
"SANTANDER","ALBANIA","2","sin información","2","2023-06-20","REPS"
"SANTANDER","ARATOCA","2","sin información","2","2023-06-20","REPS"
"SANTANDER","BARBOSA","3","sin información","3","2023-06-20","REPS"
"SANTANDER","BARICHARA","3","sin información","3","2023-06-20","REPS"
"SANTANDER","BARRANCABERMEJA","40","10","50","2023-06-20","REPS"
"SANTANDER","BETULIA","3","sin información","3","2023-06-20","REPS"
"SANTANDER","BOLÍVAR","3","sin información","3","2023-06-20","REPS"
"SANTANDER","BUCARAMANGA","99","23","122","2023-06-20","REPS"
"SANTANDER","CABRERA","1","sin información","1","2023-06-20","REPS"
"SANTANDER","CALIFORNIA","2","sin información","2","2023-06-20","REPS"
"SANTANDER","CAPITANEJO","2","sin información","2","2023-06-20","REPS"
"SANTANDER","CARCASÍ","1","sin información","1","2023-06-20","REPS"
"SANTANDER","CEPITÁ","1","sin información","1","2023-06-20","REPS"
"SANTANDER","CERRITO","2","sin información","2","2023-06-20","REPS"
"SANTANDER","CHARALÁ","4","sin información","4","2023-06-20","REPS"
"SANTANDER","CHARTA","1","sin información","1","2023-06-20","REPS"
"SANTANDER","CHIMA","2","sin información","2","2023-06-20","REPS"
"SANTANDER","CIMITARRA","4","sin información","4","2023-06-20","REPS"
"SANTANDER","CONCEPCIÓN","2","sin información","2","2023-06-20","REPS"
"SANTANDER","CONFINES","1","sin información","1","2023-06-20","REPS"
"SANTANDER","CONTRATACIÓN","3","sin información","3","2023-06-20","REPS"
"SANTANDER","COROMORO","2","sin información","2","2023-06-20","REPS"
"SANTANDER","CURITÍ","3","sin información","3","2023-06-20","REPS"
"SANTANDER","EL CARMEN DE CHUCURÍ","3","sin información","3","2023-06-20","REPS"
"SANTANDER","EL GUACAMAYO","2","sin información","2","2023-06-20","REPS"
"SANTANDER","EL PEÑÓN","3","sin información","3","2023-06-20","REPS"
"SANTANDER","EL PLAYÓN","1","sin información","1","2023-06-20","REPS"
"SANTANDER","ENCINO","1","sin información","1","2023-06-20","REPS"
"SANTANDER","ENCISO","2","sin información","2","2023-06-20","REPS"
"SANTANDER","FLORIÁN","2","sin información","2","2023-06-20","REPS"
"SANTANDER","FLORIDABLANCA","25","12","37","2023-06-20","REPS"
"SANTANDER","GALÁN","2","sin información","2","2023-06-20","REPS"
"SANTANDER","GAMBITA","1","sin información","1","2023-06-20","REPS"
"SANTANDER","GIRÓN","3","sin información","3","2023-06-20","REPS"
"SANTANDER","GUACA","3","sin información","3","2023-06-20","REPS"
"SANTANDER","GUADALUPE","3","sin información","3","2023-06-20","REPS"
"SANTANDER","GUAPOTÁ","1","sin información","1","2023-06-20","REPS"
"SANTANDER","GUAVATÁ","2","sin información","2","2023-06-20","REPS"
"SANTANDER","GÜEPSA","3","sin información","3","2023-06-20","REPS"
"SANTANDER","HATO","1","sin información","1","2023-06-20","REPS"
"SANTANDER","JESÚS MARÍA","1","sin información","1","2023-06-20","REPS"
"SANTANDER","LA BELLEZA","3","sin información","3","2023-06-20","REPS"
"SANTANDER","LA PAZ","2","sin información","2","2023-06-20","REPS"
"SANTANDER","LANDÁZURI","4","sin información","4","2023-06-20","REPS"
"SANTANDER","LEBRÍJA","4","sin información","4","2023-06-20","REPS"
"SANTANDER","LOS SANTOS","2","sin información","2","2023-06-20","REPS"
"SANTANDER","MACARAVITA","1","sin información","1","2023-06-20","REPS"
"SANTANDER","MÁLAGA","1","5","6","2023-06-20","REPS"
"SANTANDER","MATANZA","2","sin información","2","2023-06-20","REPS"
"SANTANDER","MOGOTES","2","sin información","2","2023-06-20","REPS"
"SANTANDER","MOLAGAVITA","2","sin información","2","2023-06-20","REPS"
"SANTANDER","OCAMONTE","2","sin información","2","2023-06-20","REPS"
"SANTANDER","OIBA","2","sin información","2","2023-06-20","REPS"
"SANTANDER","ONZAGA","2","sin información","2","2023-06-20","REPS"
"SANTANDER","PALMAR","1","sin información","1","2023-06-20","REPS"
"SANTANDER","PALMAS DEL SOCORRO","1","sin información","1","2023-06-20","REPS"
"SANTANDER","PÁRAMO","1","sin información","1","2023-06-20","REPS"
"SANTANDER","PIEDECUESTA","6","2","8","2023-06-20","REPS"
"SANTANDER","PINCHOTE","2","sin información","2","2023-06-20","REPS"
"SANTANDER","PUENTE NACIONAL","3","sin información","3","2023-06-20","REPS"
"SANTANDER","PUERTO PARRA","2","sin información","2","2023-06-20","REPS"
"SANTANDER","PUERTO WILCHES","3","sin información","3","2023-06-20","REPS"
"SANTANDER","RIONEGRO","3","sin información","3","2023-06-20","REPS"
"SANTANDER","SABANA DE TORRES","8","sin información","8","2023-06-20","REPS"
"SANTANDER","SAN ANDRÉS","3","sin información","3","2023-06-20","REPS"
"SANTANDER","SAN BENITO","1","sin información","1","2023-06-20","REPS"
"SANTANDER","SAN GIL","8","2","10","2023-06-20","REPS"
"SANTANDER","SAN JOAQUÍN","1","sin información","1","2023-06-20","REPS"
"SANTANDER","SAN JOSÉ DE MIRANDA","1","sin información","1","2023-06-20","REPS"
"SANTANDER","SAN MIGUEL","2","sin información","2","2023-06-20","REPS"
"SANTANDER","SAN VICENTE DE CHUCURÍ","5","sin información","5","2023-06-20","REPS"
"SANTANDER","SANTA BÁRBARA","1","sin información","1","2023-06-20","REPS"
"SANTANDER","SANTA HELENA DEL OPÓN","2","sin información","2","2023-06-20","REPS"
"SANTANDER","SIMACOTA","4","sin información","4","2023-06-20","REPS"
"SANTANDER","SOCORRO","4","10","14","2023-06-20","REPS"
"SANTANDER","SUAITA","2","sin información","2","2023-06-20","REPS"
"SANTANDER","SUCRE","2","sin información","2","2023-06-20","REPS"
"SANTANDER","SURATÁ","2","sin información","2","2023-06-20","REPS"
"SANTANDER","TONA","2","sin información","2","2023-06-20","REPS"
"SANTANDER","VALLE DE SAN JOSÉ","2","sin información","2","2023-06-20","REPS"
"SANTANDER","VÉLEZ","1","4","5","2023-06-20","REPS"
"SANTANDER","VETAS","1","sin información","1","2023-06-20","REPS"
"SANTANDER","VILLANUEVA","2","sin información","2","2023-06-20","REPS"
"SANTANDER","ZAPATOCA","2","sin información","2","2023-06-20","REPS"
"SUCRE","BUENAVISTA","3","sin información","3","2023-06-20","REPS"
"SUCRE","CAIMITO","2","sin información","2","2023-06-20","REPS"
"SUCRE","COLOSO","3","sin información","3","2023-06-20","REPS"
"SUCRE","COROZAL","5","3","8","2023-06-20","REPS"
"SUCRE","COVEÑAS","1","sin información","1","2023-06-20","REPS"
"SUCRE","EL ROBLE","3","sin información","3","2023-06-20","REPS"
"SUCRE","GALERAS","3","sin información","3","2023-06-20","REPS"
"SUCRE","GUARANDA","5","3","8","2023-06-20","REPS"
"SUCRE","LA UNIÓN","3","sin información","3","2023-06-20","REPS"
"SUCRE","LOS PALMITOS","3","sin información","3","2023-06-20","REPS"
"SUCRE","MAJAGUAL","2","sin información","2","2023-06-20","REPS"
"SUCRE","MORROA","3","sin información","3","2023-06-20","REPS"
"SUCRE","OVEJAS","2","sin información","2","2023-06-20","REPS"
"SUCRE","PALMITO","3","sin información","3","2023-06-20","REPS"
"SUCRE","SAMPUÉS","3","sin información","3","2023-06-20","REPS"
"SUCRE","SAN BENITO ABAD","4","sin información","4","2023-06-20","REPS"
"SUCRE","SAN JUAN DE BETULIA","3","sin información","3","2023-06-20","REPS"
"SUCRE","SAN MARCOS","6","7","13","2023-06-20","REPS"
"SUCRE","SAN ONOFRE","3","sin información","3","2023-06-20","REPS"
"SUCRE","SAN PEDRO","3","sin información","3","2023-06-20","REPS"
"SUCRE","SANTIAGO DE TOLÚ","2","3","5","2023-06-20","REPS"
"SUCRE","SINCÉ","4","sin información","4","2023-06-20","REPS"
"SUCRE","SINCELEJO","21","52","73","2023-06-20","REPS"
"SUCRE","SUCRE","4","sin información","4","2023-06-20","REPS"
"SUCRE","TOLÚ VIEJO","3","sin información","3","2023-06-20","REPS"
"TOLIMA","ALPUJARRA","3","sin información","3","2023-06-20","REPS"
"TOLIMA","ALVARADO","2","sin información","2","2023-06-20","REPS"
"TOLIMA","AMBALEMA","1","sin información","1","2023-06-20","REPS"
"TOLIMA","ANZOÁTEGUI","3","sin información","3","2023-06-20","REPS"
"TOLIMA","ARMERO","3","4","7","2023-06-20","REPS"
"TOLIMA","ATACO","5","sin información","5","2023-06-20","REPS"
"TOLIMA","CAJAMARCA","3","sin información","3","2023-06-20","REPS"
"TOLIMA","CARMEN DE APICALÁ","1","sin información","1","2023-06-20","REPS"
"TOLIMA","CASABIANCA","2","sin información","2","2023-06-20","REPS"
"TOLIMA","CHAPARRAL","3","2","5","2023-06-20","REPS"
"TOLIMA","COELLO","2","sin información","2","2023-06-20","REPS"
"TOLIMA","COYAIMA","6","sin información","6","2023-06-20","REPS"
"TOLIMA","CUNDAY","3","sin información","3","2023-06-20","REPS"
"TOLIMA","DOLORES","3","sin información","3","2023-06-20","REPS"
"TOLIMA","ESPINAL","6","3","9","2023-06-20","REPS"
"TOLIMA","FALAN","2","sin información","2","2023-06-20","REPS"
"TOLIMA","FLANDES","2","5","7","2023-06-20","REPS"
"TOLIMA","FRESNO","5","sin información","5","2023-06-20","REPS"
"TOLIMA","GUAMO","4","sin información","4","2023-06-20","REPS"
"TOLIMA","HERVEO","2","sin información","2","2023-06-20","REPS"
"TOLIMA","HONDA","3","3","6","2023-06-20","REPS"
"TOLIMA","IBAGUÉ","92","34","126","2023-06-20","REPS"
"TOLIMA","ICONONZO","3","sin información","3","2023-06-20","REPS"
"TOLIMA","LÉRIDA","3","1","4","2023-06-20","REPS"
"TOLIMA","LÍBANO","1","4","5","2023-06-20","REPS"
"TOLIMA","MARIQUITA","7","1","8","2023-06-20","REPS"
"TOLIMA","MELGAR","5","sin información","5","2023-06-20","REPS"
"TOLIMA","MURILLO","1","sin información","1","2023-06-20","REPS"
"TOLIMA","NATAGAIMA","3","sin información","3","2023-06-20","REPS"
"TOLIMA","ORTEGA","4","sin información","4","2023-06-20","REPS"
"TOLIMA","PALOCABILDO","3","sin información","3","2023-06-20","REPS"
"TOLIMA","PIEDRAS","2","sin información","2","2023-06-20","REPS"
"TOLIMA","PLANADAS","8","sin información","8","2023-06-20","REPS"
"TOLIMA","PRADO","3","sin información","3","2023-06-20","REPS"
"TOLIMA","PURIFICACIÓN","sin información","3","3","2023-06-20","REPS"
"TOLIMA","RIOBLANCO","4","sin información","4","2023-06-20","REPS"
"TOLIMA","RONCESVALLES","4","sin información","4","2023-06-20","REPS"
"TOLIMA","ROVIRA","4","sin información","4","2023-06-20","REPS"
"TOLIMA","SALDAÑA","3","sin información","3","2023-06-20","REPS"
"TOLIMA","SAN ANTONIO","5","sin información","5","2023-06-20","REPS"
"TOLIMA","SAN LUIS","1","sin información","1","2023-06-20","REPS"
"TOLIMA","SANTA ISABEL","2","sin información","2","2023-06-20","REPS"
"TOLIMA","SUÁREZ","2","sin información","2","2023-06-20","REPS"
"TOLIMA","VALLE DE SAN JUAN","2","sin información","2","2023-06-20","REPS"
"TOLIMA","VENADILLO","2","sin información","2","2023-06-20","REPS"
"TOLIMA","VILLAHERMOSA","2","sin información","2","2023-06-20","REPS"
"TOLIMA","VILLARRICA","3","sin información","3","2023-06-20","REPS"
"VALLE DEL CAUCA","ALCALÁ","4","sin información","4","2023-06-20","REPS"
"VALLE DEL CAUCA","ANDALUCÍA","9","sin información","9","2023-06-20","REPS"
"VALLE DEL CAUCA","ANSERMANUEVO","3","sin información","3","2023-06-20","REPS"
"VALLE DEL CAUCA","ARGELIA","3","sin información","3","2023-06-20","REPS"
"VALLE DEL CAUCA","BOLÍVAR","5","sin información","5","2023-06-20","REPS"
"VALLE DEL CAUCA","BUGALAGRANDE","5","sin información","5","2023-06-20","REPS"
"VALLE DEL CAUCA","CAICEDONIA","8","sin información","8","2023-06-20","REPS"
"VALLE DEL CAUCA","CALIMA","5","sin información","5","2023-06-20","REPS"
"VALLE DEL CAUCA","CANDELARIA","8","sin información","8","2023-06-20","REPS"
"VALLE DEL CAUCA","CARTAGO","26","3","29","2023-06-20","REPS"
"VALLE DEL CAUCA","DAGUA","9","sin información","9","2023-06-20","REPS"
"VALLE DEL CAUCA","EL ÁGUILA","3","sin información","3","2023-06-20","REPS"
"VALLE DEL CAUCA","EL CAIRO","2","sin información","2","2023-06-20","REPS"
"VALLE DEL CAUCA","EL CERRITO","9","sin información","9","2023-06-20","REPS"
"VALLE DEL CAUCA","EL DOVIO","3","sin información","3","2023-06-20","REPS"
"VALLE DEL CAUCA","FLORIDA","7","sin información","7","2023-06-20","REPS"
"VALLE DEL CAUCA","GINEBRA","3","sin información","3","2023-06-20","REPS"
"VALLE DEL CAUCA","GUACARÍ","4","sin información","4","2023-06-20","REPS"
"VALLE DEL CAUCA","GUADALAJARA DE BUGA","23","3","26","2023-06-20","REPS"
"VALLE DEL CAUCA","JAMUNDÍ","10","1","11","2023-06-20","REPS"
"VALLE DEL CAUCA","LA CUMBRE","2","sin información","2","2023-06-20","REPS"
"VALLE DEL CAUCA","LA UNIÓN","5","sin información","5","2023-06-20","REPS"
"VALLE DEL CAUCA","LA VICTORIA","3","sin información","3","2023-06-20","REPS"
"VALLE DEL CAUCA","OBANDO","3","sin información","3","2023-06-20","REPS"
"VALLE DEL CAUCA","PALMIRA","22","23","45","2023-06-20","REPS"
"VALLE DEL CAUCA","PRADERA","4","sin información","4","2023-06-20","REPS"
"VALLE DEL CAUCA","RESTREPO","3","sin información","3","2023-06-20","REPS"
"VALLE DEL CAUCA","RIOFRÍO","4","sin información","4","2023-06-20","REPS"
"VALLE DEL CAUCA","ROLDANILLO","5","1","6","2023-06-20","REPS"
"VALLE DEL CAUCA","SAN PEDRO","3","sin información","3","2023-06-20","REPS"
"VALLE DEL CAUCA","SEVILLA","5","2","7","2023-06-20","REPS"
"VALLE DEL CAUCA","TORO","4","sin información","4","2023-06-20","REPS"
"VALLE DEL CAUCA","TRUJILLO","3","sin información","3","2023-06-20","REPS"
"VALLE DEL CAUCA","TULUÁ","42","14","56","2023-06-20","REPS"
"VALLE DEL CAUCA","ULLOA","2","sin información","2","2023-06-20","REPS"
"VALLE DEL CAUCA","VERSALLES","3","sin información","3","2023-06-20","REPS"
"VALLE DEL CAUCA","VIJES","2","sin información","2","2023-06-20","REPS"
"VALLE DEL CAUCA","YOTOCO","2","sin información","2","2023-06-20","REPS"
"VALLE DEL CAUCA","YUMBO","7","sin información","7","2023-06-20","REPS"
"VALLE DEL CAUCA","ZARZAL","3","2","5","2023-06-20","REPS"
"VAUPÉS","MITÚ","3","1","4","2023-06-20","REPS"
"VICHADA","CUMARIBO","3","sin información","3","2023-06-20","REPS"
"VICHADA","LA PRIMAVERA","2","sin información","2","2023-06-20","REPS"
"VICHADA","PUERTO CARREÑO","3","sin información","3","2023-06-20","REPS"
"VICHADA","SANTA ROSALÍA","2","sin información","2","2023-06-20","REPS"
